id;nom;prix;photo;description
1;woefully moisturise;10056.18;pish skating store;comparison drain coverall
2;hospice round;32544.59;against exemplify;barring tired
3;why regarding;1946.25;shadowy vampire;gadzooks screamer aboard
4;selfish apud immediately;7052.56;er;yomp
5;wisely pamphlet;9268.32;once solidly;onto
6;than insignificant;1826.69;whoever pristine;miscount hmph
7;bakery even constitute;12009.6;bifurcate;from overcharge sandy
8;blindly;19235.33;provided;jubilantly
9;underneath back following;20842.23;psst wherever shortwave;incidentally message eve
10;wherever forenenst;16367.68;original;dead cause yet
